old_url,old_handle,old_title,redirects_to,mapping,redirect_live,redirect_live_target,matches_plan,deleted,old_collection_id
/collections/afnan-perfumes,afnan-perfumes,Afnan Perfumes Collection – Buy Original Afnan Perfumes Online at Fragrance Secrets,/collections/afnan,mapped,yes,/collections/afnan,yes,,gid://shopify/Collection/286137581681
/collections/ahmed-al-maghribi-perfumes,ahmed-al-maghribi-perfumes,Ahmed Al Maghribi Perfumes | Buy Best Perfumes Online – Fragrance Secrets,/collections/ahmed-al-maghribi,renamed,yes,/collections/ahmed-al-maghribi,yes,,gid://shopify/Collection/286136664177
/collections/ajmal-perfumes,ajmal-perfumes,Ajmal Perfumes – Crafting Memories Through Fragrance,/collections/all,none,yes,/collections/all,yes,,gid://shopify/Collection/286137548913
/collections/al-anfar-perfumes-collection-buy-original-al-anfar-perfumes-online-at-fragrance-secrets,al-anfar-perfumes-collection-buy-original-al-anfar-perfumes-online-at-fragrance-secrets,Al Anfar Perfumes Collection – Buy Original Al Anfar Perfumes Online at Fragrance Secrets,/collections/all,none,yes,/collections/all,yes,,gid://shopify/Collection/309909454961
/collections/al-gazal,al-gazal,Al Gazal – Fusion of Middle Eastern Essence and Modernity,/collections/all,none,yes,/collections/all,yes,,gid://shopify/Collection/287151521905
/collections/al-gazal-perfumes,al-gazal-perfumes,Al Gazal Perfumes – Buy Luxury Perfumes Online,/collections/all,none,yes,/collections/all,yes,,gid://shopify/Collection/288926498929
/collections/al-haramain-perfumes,al-haramain-perfumes,Al Haramain Perfumes by Fragrance Secrets – Al Haramain Eau De Parfum & Perfume Oils,/collections/al-haramain,renamed,yes,/collections/al-haramain,yes,,gid://shopify/Collection/292875305073
/collections/al-majed-oud-perfumes-collection-authentic-arabian-fragrances-uae,al-majed-oud-perfumes-collection-authentic-arabian-fragrances-uae,Al Majed Oud Perfumes Collection | Authentic Arabian Fragrances UAE,/collections/all,none,yes,/collections/all,yes,,gid://shopify/Collection/300079546481
/collections/alezz-oud-perfumes,alezz-oud-perfumes,Alezz Oud Perfumes,/collections/alezz-oud,renamed,yes,/collections/alezz-oud,yes,,gid://shopify/Collection/302390313073
/collections/amber-perfumes-collection-buy-original-amber-perfumes-online-at-fragrance-secrets,amber-perfumes-collection-buy-original-amber-perfumes-online-at-fragrance-secrets,Amber Perfumes Collection – Buy Original Amber Perfumes Online at Fragrance Secrets,/collections/amber-woody,mapped,yes,/collections/amber-woody,yes,,gid://shopify/Collection/309912698993
/collections/amouage-perfumes,amouage-perfumes,Amouage Perfumes Collection – Buy Luxury Amouage Fragrances Online at Fragrance Secrets,/collections/amouage,renamed,yes,/collections/amouage,yes,,gid://shopify/Collection/292508532849
/collections/ar-rahmani-perfume-collection,ar-rahmani-perfume-collection,AR-RAHMANI,/collections/all,none,yes,/collections/all,yes,,gid://shopify/Collection/289106198641
/collections/arabic-perfumes-collection-buy-original-arabic-perfumes-online-at-fragrance-secrets,arabic-perfumes-collection-buy-original-arabic-perfumes-online-at-fragrance-secrets,Arabic Perfumes Collection – Buy Original Arabic Perfumes Online at Fragrance Secrets,/collections/arabic,renamed,yes,/collections/arabic,yes,,gid://shopify/Collection/309910470769
/collections/arabiyat-prestige-perfumes-collection-buy-original-arabiyat-prestige-fragrances-online-uae,arabiyat-prestige-perfumes-collection-buy-original-arabiyat-prestige-fragrances-online-uae,Arabiyat Prestige Perfumes Collection | Buy Original Arabiyat Prestige Fragrances Online UAE,/collections/arabiyat-prestige,renamed,yes,/collections/arabiyat-prestige,yes,,gid://shopify/Collection/299900174449
/collections/armaf-odyssey-limoni-fresh-edition,armaf-odyssey-limoni-fresh-edition,Armaf Odyssey Limoni Fresh Edition,/collections/all,none,yes,/collections/all,yes,,gid://shopify/Collection/309414232177
/collections/armaf-perfumes,armaf-perfumes,Armaf Perfumes Collection – Buy Original Armaf Fragrances Online at Fragrance Secrets,/collections/armaf,renamed,yes,/collections/armaf,yes,,gid://shopify/Collection/286137614449
/collections/attar-roll-on-set,attar-roll-on-set,Roll On Set,/collections/attar,mapped,yes,/collections/attar,yes,,gid://shopify/Collection/288976207985
/collections/azzaro-perfumes-collection-buy-original-azzaro-fragrances-online-uae,azzaro-perfumes-collection-buy-original-azzaro-fragrances-online-uae,Azzaro Perfumes Collection | Buy Original Azzaro Fragrances Online UAE,/collections/azzaro,renamed,yes,/collections/azzaro,yes,,gid://shopify/Collection/301610762353
/collections/bath-body-works-collection-buy-original-bath-body-works-fragrances-online-fragrance-secrets,bath-body-works-collection-buy-original-bath-body-works-fragrances-online-fragrance-secrets,Bath & Body Works Collection - Buy Original Bath & Body Works Fragrances Online - Fragrance Secrets,/collections/bath-body-works,mapped,yes,/collections/bath-body-works,yes,,gid://shopify/Collection/308609024113
/collections/best-perfumes-under-100-aed,best-perfumes-under-100-aed,Best Perfumes Under 100 AED,/collections/crazy-deals,mapped,yes,/collections/crazy-deals,yes,,gid://shopify/Collection/303750021233
/collections/best-perfumes-under-50-aed,best-perfumes-under-50-aed,Best Perfumes under 50 AED,/collections/crazy-deals,mapped,yes,/collections/crazy-deals,yes,,gid://shopify/Collection/304084746353
/collections/best-rasasi-perfumes,best-rasasi-perfumes,Rasasi Perfumes,/collections/rasasi,mapped,yes,/collections/rasasi,yes,,gid://shopify/Collection/304075636849
/collections/best-selling,best-selling,Best Selling Perfumes Collection | Most Popular Fragrances Online at Fragrance Secrets,/collections/best-sellers,mapped,yes,/collections/best-sellers,yes,,gid://shopify/Collection/286249549937
/collections/billie-eilish-perfumes,billie-eilish-perfumes,Billie Eilish Perfumes Collection | Buy Original Billie Eilish Fragrances Online at Fragrance Secrets,/collections/billie-eilish,renamed,yes,/collections/billie-eilish,yes,,gid://shopify/Collection/287586222193
/collections/borntostandout-perfumes,borntostandout-perfumes,Borntostandout Perfumes Collection | Buy Original Borntostandout Fragrances Online at Fragrance Secrets,/collections/borntostandout,renamed,yes,/collections/borntostandout,yes,,gid://shopify/Collection/295129841777
/collections/buy-bath-body-works-japanese-cherry-blossom-shower-gel-with-asian-pear-cherry-blossom-jasmine-sandalwood-musk-vanilla-and-amber,buy-bath-body-works-japanese-cherry-blossom-shower-gel-with-asian-pear-cherry-blossom-jasmine-sandalwood-musk-vanilla-and-amber,"Buy Bath & Body Works Japanese Cherry Blossom Shower Gel with Asian pear, cherry blossom, jasmine, sandalwood, musk, vanilla and amber.",/collections/all,none,yes,/collections/all,yes,,gid://shopify/Collection/310173728881
/collections/buy-bath-body-works-sweet-pea-shower-gel-with-sweet-pea-watery-pear-freesia-raspberry-and-soft-musk-for-a-fresh-floral-body-care-experience,buy-bath-body-works-sweet-pea-shower-gel-with-sweet-pea-watery-pear-freesia-raspberry-and-soft-musk-for-a-fresh-floral-body-care-experience,"Buy Bath & Body Works Sweet Pea Shower Gel with sweet pea, watery pear, freesia, raspberry and soft musk for a fresh floral body care experience.",/collections/all,none,yes,/collections/all,yes,,gid://shopify/Collection/310173827185
/collections/buy-dumont-nitro-red-edp-100ml-for-men-with-bergamot-lavender-apple-watermelon-cedarwood-sandalwood-and-amber-shop-now-at-fragrance-secrets,buy-dumont-nitro-red-edp-100ml-for-men-with-bergamot-lavender-apple-watermelon-cedarwood-sandalwood-and-amber-shop-now-at-fragrance-secrets,"Buy Dumont Nitro Red EDP 100ML for Men with bergamot, lavender, apple, watermelon, cedarwood, sandalwood and amber. Shop now at Fragrance Secrets.",/collections/all,none,yes,/collections/all,yes,,gid://shopify/Collection/310288613489
/collections/buy-givenchy-amarige-edt-100ml-for-women-a-radiant-floral-fragrance-with-orange-blossom-peach-plum-tuberose-jasmine-vanilla-amber-and-musk,buy-givenchy-amarige-edt-100ml-for-women-a-radiant-floral-fragrance-with-orange-blossom-peach-plum-tuberose-jasmine-vanilla-amber-and-musk,"Buy Givenchy Amarige EDT 100ML for Women. A radiant floral fragrance with orange blossom, peach, plum, tuberose, jasmine, vanilla, amber and musk.",/collections/all,none,yes,/collections/all,yes,,gid://shopify/Collection/309422653553
/collections/buy-givenchy-ange-ou-demon-edp-100ml-for-women-a-floral-woody-fragrance-with-white-thyme-mandarin-saffron-lily-ylang-ylang-and-tonka-bean,buy-givenchy-ange-ou-demon-edp-100ml-for-women-a-floral-woody-fragrance-with-white-thyme-mandarin-saffron-lily-ylang-ylang-and-tonka-bean,"Buy Givenchy Ange Ou Demon EDP 100ML for Women. A floral woody fragrance with white thyme, mandarin, saffron, lily, ylang-ylang and tonka bean.",/collections/all,none,yes,/collections/all,yes,,gid://shopify/Collection/309420785777
/collections/buy-givenchy-dahlia-divin-edp-100ml-for-women-a-fruity-floral-fragrance-with-mirabelle-plum-jasmine-peach-rose-vanilla-sandalwood-and-musk,buy-givenchy-dahlia-divin-edp-100ml-for-women-a-fruity-floral-fragrance-with-mirabelle-plum-jasmine-peach-rose-vanilla-sandalwood-and-musk,"Buy Givenchy Dahlia Divin EDP 100ML for Women. A fruity floral fragrance with mirabelle plum, jasmine, peach, rose, vanilla, sandalwood and musk.",/collections/all,none,yes,/collections/all,yes,,gid://shopify/Collection/309418033265
/collections/buy-givenchy-gentleman-reserve-privee-edp-100ml-for-men-a-sophisticated-fragrance-with-bergamot-whisky-chestnut-orris-benzoin-cedarwood-and-vetiver,buy-givenchy-gentleman-reserve-privee-edp-100ml-for-men-a-sophisticated-fragrance-with-bergamot-whisky-chestnut-orris-benzoin-cedarwood-and-vetiver,"Buy Givenchy Gentleman Réserve Privée EDP 100ML for Men. A sophisticated fragrance with bergamot, whisky, chestnut, orris, benzoin, cedarwood and vetiver.",/collections/all,none,yes,/collections/all,yes,,gid://shopify/Collection/309422096497
/collections/buy-givenchy-hot-couture-2023-edp-100ml-for-women-a-fruity-floral-fragrance-with-blackcurrant-freesia-rose-of-mai-and-blond-wood-musk,buy-givenchy-hot-couture-2023-edp-100ml-for-women-a-fruity-floral-fragrance-with-blackcurrant-freesia-rose-of-mai-and-blond-wood-musk,"Buy Givenchy Hot Couture 2023 EDP 100ML for Women. A fruity floral fragrance with blackcurrant, freesia, Rose of Mai and blond wood musk.",/collections/all,none,yes,/collections/all,yes,,gid://shopify/Collection/309418524785
/collections/buy-givenchy-irresistible-rose-velvet-edp-80ml-for-women-a-rose-focused-fragrance-with-pink-pepper-blackcurrant-neroli-and-indonesian-patchouli,buy-givenchy-irresistible-rose-velvet-edp-80ml-for-women-a-rose-focused-fragrance-with-pink-pepper-blackcurrant-neroli-and-indonesian-patchouli,"Buy Givenchy Irresistible Rose Velvet EDP 80ML for Women. A rose-focused fragrance with pink pepper, blackcurrant, neroli and Indonesian patchouli.",/collections/all,none,yes,/collections/all,yes,,gid://shopify/Collection/309425799281
/collections/buy-givenchy-organza-edp-100ml-for-women-a-floral-woody-fragrance-with-nutmeg-gardenia-tuberose-jasmine-vanilla-amber-and-cedar,buy-givenchy-organza-edp-100ml-for-women-a-floral-woody-fragrance-with-nutmeg-gardenia-tuberose-jasmine-vanilla-amber-and-cedar,"Buy Givenchy Organza EDP 100ML for Women. A floral woody fragrance with nutmeg, gardenia, tuberose, jasmine, vanilla, amber and cedar.",/collections/all,none,yes,/collections/all,yes,,gid://shopify/Collection/309421736049
/collections/buy-givenchy-pi-edt-100ml-for-men-a-warm-aromatic-fragrance-with-tarragon-rosemary-basil-jasmine-almond-vanilla-tonka-bean-and-benzoin,buy-givenchy-pi-edt-100ml-for-men-a-warm-aromatic-fragrance-with-tarragon-rosemary-basil-jasmine-almond-vanilla-tonka-bean-and-benzoin,"Buy Givenchy Pi EDT 100ML for Men. A warm aromatic fragrance with tarragon, rosemary, basil, jasmine, almond, vanilla, tonka bean and benzoin.",/collections/all,none,yes,/collections/all,yes,,gid://shopify/Collection/309423505521
/collections/buy-guerlain-epices-exquises-edp-125ml-a-sophisticated-unisex-fragrance-with-cardamom-black-pepper-incense-neroli-oud-sandalwood-and-patchouli,buy-guerlain-epices-exquises-edp-125ml-a-sophisticated-unisex-fragrance-with-cardamom-black-pepper-incense-neroli-oud-sandalwood-and-patchouli,"Buy Guerlain Épices Exquises EDP 125ML. A sophisticated unisex fragrance with cardamom, black pepper, incense, neroli, oud, sandalwood and patchouli.",/collections/all,none,yes,/collections/all,yes,,gid://shopify/Collection/309430419569
/collections/buy-guerlain-mon-guerlain-edp-100ml-for-women-a-floral-vanilla-fragrance-with-lavender-bergamot-iris-jasmine-tahitian-vanilla-sandalwood-and-patchouli,buy-guerlain-mon-guerlain-edp-100ml-for-women-a-floral-vanilla-fragrance-with-lavender-bergamot-iris-jasmine-tahitian-vanilla-sandalwood-and-patchouli,"Buy Guerlain Mon Guerlain EDP 100ML for Women. A floral vanilla fragrance with lavender, bergamot, iris, jasmine, Tahitian vanilla, sandalwood and patchouli.",/collections/all,none,yes,/collections/all,yes,,gid://shopify/Collection/309430780017
/collections/buy-guerlain-mon-guerlain-intense-edp-100ml-for-women-a-floral-vanilla-fragrance-with-bergamot-mandarin-lavender-jasmine-vanilla-musk-and-sandalwood,buy-guerlain-mon-guerlain-intense-edp-100ml-for-women-a-floral-vanilla-fragrance-with-bergamot-mandarin-lavender-jasmine-vanilla-musk-and-sandalwood,"Buy Guerlain Mon Guerlain Intense EDP 100ML for Women. A floral vanilla fragrance with bergamot, mandarin, lavender, jasmine, vanilla, musk and sandalwood.",/collections/all,none,yes,/collections/all,yes,,gid://shopify/Collection/309431206001
/collections/buy-khadlaj-shiyaaka-sky-edp-100ml-with-bergamot-neroli-musk-ambroxan-vetiver-and-sandalwood-for-a-fresh-elegant-fragrance,buy-khadlaj-shiyaaka-sky-edp-100ml-with-bergamot-neroli-musk-ambroxan-vetiver-and-sandalwood-for-a-fresh-elegant-fragrance,"Buy Khadlaj Shiyaaka Sky EDP 100ML with bergamot, neroli, musk, ambroxan, vetiver and sandalwood for a fresh, elegant fragrance",/collections/all,none,yes,/collections/all,yes,,gid://shopify/Collection/310180577393
/collections/buy-tubbees-lemon-a-licious-perfume-online-in-uae,buy-tubbees-lemon-a-licious-perfume-online-in-uae,Buy Tubbees Lemon A Licious Perfume Online in UAE,/collections/all,none,yes,/collections/all,yes,,gid://shopify/Collection/310552199281
/collections/calvin-klein-perfumes,calvin-klein-perfumes,Calvin Klein Perfumes Collection | Buy Original Calvin Klein Fragrances Online at Fragrance Secrets,/collections/calvin-klein,renamed,yes,/collections/calvin-klein,yes,,gid://shopify/Collection/293508218993
/collections/cavalier-collection-where-bold-scents-meet-refined-elegance-discover-your-signature-scent,cavalier-collection-where-bold-scents-meet-refined-elegance-discover-your-signature-scent,Cavalier Collection: Where Bold Scents Meet Refined Elegance – Discover Your Signature Scent.,/collections/all,none,yes,/collections/all,yes,,gid://shopify/Collection/310381248625
/collections/chanel-perfumes-luxury-chanel-fragrance-collection-uae,chanel-perfumes-luxury-chanel-fragrance-collection-uae,Chanel Perfumes – Luxury Chanel Fragrance Collection UAE,/collections/chanel,renamed,yes,/collections/chanel,yes,,gid://shopify/Collection/300039536753
/collections/channel,channel,Chanel – Iconic French Elegance in Fragrance,/collections/chanel,mapped,yes,/collections/chanel,yes,,gid://shopify/Collection/286166909041
/collections/cosmopolitan-collection-sophisticated-scents-for-the-modern-individual,cosmopolitan-collection-sophisticated-scents-for-the-modern-individual,Cosmopolitan Collection: Sophisticated Scents for the Modern Individual.,/collections/all,none,yes,/collections/all,yes,,gid://shopify/Collection/310381510769
/collections/cristiano-ronaldo-perfumes,cristiano-ronaldo-perfumes,Cristiano Ronaldo Perfumes Collection | Buy Original Cristiano Ronaldo Fragrances Online at Fragrance Secrets,/collections/cristiano-ronaldo,renamed,yes,/collections/cristiano-ronaldo,yes,,gid://shopify/Collection/298556981361
/collections/davidoff-perfumes,davidoff-perfumes,Davidoff Perfumes Collection | Buy Authentic Davidoff Fragrances Online at Fragrance Secrets,/collections/davidoff,renamed,yes,/collections/davidoff,yes,,gid://shopify/Collection/292503683185
/collections/dior-perfumes,dior-perfumes,Dior Perfumes Collection | Buy Original Dior Fragrances Online at Fragrance Secrets,/collections/dior,renamed,yes,/collections/dior,yes,,gid://shopify/Collection/297739419761
/collections/discover-assaf-perfumes-at-fragrance-secrets-featuring-distinctive-fragrances-for-men-women-and-unisex-wear-explore-assaf-s-collections-signature-scents-and-bestselling-perfumes-with-captivating-aromas-and-lasting-presence,discover-assaf-perfumes-at-fragrance-secrets-featuring-distinctive-fragrances-for-men-women-and-unisex-wear-explore-assaf-s-collections-signature-scents-and-bestselling-perfumes-with-captivating-aromas-and-lasting-presence,"Discover Assaf Perfumes at Fragrance Secrets, featuring distinctive fragrances for men, women and unisex wear. Explore Assaf’s collections, signature scents and bestselling perfumes with captivating aromas and lasting presence",/collections/all,none,yes,/collections/all,yes,,gid://shopify/Collection/310373187697
/collections/dolce-and-gabbana-perfumes,dolce-and-gabbana-perfumes,Dolce & Gabbana Perfumes Collection | Buy Authentic Dolce & Gabbana Fragrances Online at Fragrance Secrets,/collections/dolce-and-gabbana,renamed,yes,/collections/dolce-and-gabbana,yes,,gid://shopify/Collection/292503748721
/collections/eid-sale-perfumes-exclusive-eid-offers-on-luxury-fragrances-uae,eid-sale-perfumes-exclusive-eid-offers-on-luxury-fragrances-uae,Eid Sale Perfumes | Exclusive Eid Offers on Luxury Fragrances UAE,/collections/crazy-deals,mapped,yes,/collections/crazy-deals,yes,,gid://shopify/Collection/301209092209
/collections/elan-dor-perfumes-collection-buy-original-elan-dor-fragrances-online-uae,elan-dor-perfumes-collection-buy-original-elan-dor-fragrances-online-uae,Elan Dor Perfumes Collection | Buy Original Elan Dor Fragrances Online UAE,/collections/elan-dor,renamed,yes,/collections/elan-dor,yes,,gid://shopify/Collection/299901321329
/collections/elevate-your-scent-game-with-afnan-perfumes-where-arabian-heritage-meets-modern-luxury,elevate-your-scent-game-with-afnan-perfumes-where-arabian-heritage-meets-modern-luxury,"""Elevate Your Scent Game with Afnan Perfumes – Where Arabian Heritage Meets Modern Luxury.""",/collections/afnan,mapped,yes,/collections/afnan,yes,,gid://shopify/Collection/310373777521
/collections/europe,europe,European Fragrances – Sophistication from the Continent,/collections/all,none,yes,/collections/all,yes,,gid://shopify/Collection/286466277489
/collections/ex-nihilo-perfumes,ex-nihilo-perfumes,Ex Nihilo Perfumes Collection | Buy Original Ex Nihilo Fragrances Online at Fragrance Secrets,/collections/ex-nihilo,renamed,yes,/collections/ex-nihilo,yes,,gid://shopify/Collection/292813439089
/collections/experience-timeless-elegance-with-creed-perfumes-the-art-of-luxury-fragrance-crafted-for-generations,experience-timeless-elegance-with-creed-perfumes-the-art-of-luxury-fragrance-crafted-for-generations,"""Experience Timeless Elegance with Creed Perfumes – The Art of Luxury Fragrance, Crafted for Generations.""",/collections/all,none,yes,/collections/all,yes,,gid://shopify/Collection/310375907441
/collections/farzanas-collection-perfumes,farzanas-collection-perfumes,Farzanas Collection | Buy Authentic Farzanas Perfumes Online at Fragrance Secrets,/collections/farzanas-collection,mapped,yes,/collections/farzanas-collection,yes,,gid://shopify/Collection/292831690865
/collections/floral-perfumes-collection-buy-original-floral-perfumes-online-at-fragrance-secrets,floral-perfumes-collection-buy-original-floral-perfumes-online-at-fragrance-secrets,Floral Perfumes Collection – Buy Original Floral Perfumes Online at Fragrance Secrets,/collections/floral,renamed,yes,/collections/floral,yes,,gid://shopify/Collection/309912043633
/collections/fragrance-in-sabrina-carpenters-sweet-tooth-range,fragrance-in-sabrina-carpenters-sweet-tooth-range,Sabrina Carpenter Fragrances – Youthful and Alluring Scents,/collections/sabrina-carpenter,mapped,yes,/collections/sabrina-carpenter,yes,,gid://shopify/Collection/287570690161
/collections/fragrance-secrets-perfumes,fragrance-secrets-perfumes,Fragrance Secrets Perfumes Collection | Original Fragrances Curated by Fragrance Secrets,/collections/fragrance-secrets,mapped,yes,/collections/fragrance-secrets,yes,,gid://shopify/Collection/286283694193
/collections/fragrance-secrets-single-note-perfume-oils-collection-by-fragrance-secrets,fragrance-secrets-single-note-perfume-oils-collection-by-fragrance-secrets,Fragrance Secrets Single Note Perfume Oils Collection - By Fragrance Secrets,/collections/perfume-oil,mapped,yes,/collections/perfume-oil,yes,,gid://shopify/Collection/308560068721
/collections/french-avenue-perfumes-collection-buy-original-french-avenue-fragrances-online-at-fragrance-secrets,french-avenue-perfumes-collection-buy-original-french-avenue-fragrances-online-at-fragrance-secrets,French Avenue Perfumes Collection | Buy Original French Avenue Fragrances Online at Fragrance Secrets,/collections/french-avenue,renamed,yes,/collections/french-avenue,yes,,gid://shopify/Collection/299083858033
/collections/gift-hampers,gift-hampers,Gift Hampers,/collections/gift-sets,mapped,yes,/collections/gift-sets,yes,,gid://shopify/Collection/292235739249
/collections/giorgio-armani-perfumes,giorgio-armani-perfumes,Giorgio Armani Perfumes Collection | Buy Original Giorgio Armani Fragrances Online at Fragrance Secrets,/collections/giorgio-armani,renamed,yes,/collections/giorgio-armani,yes,,gid://shopify/Collection/293275926641
/collections/gissah-perfumes-collection-buy-original-gissah-perfumes-online-at-fragrance-secrets,gissah-perfumes-collection-buy-original-gissah-perfumes-online-at-fragrance-secrets,Gissah Perfumes Collection – Buy Original Gissah Perfumes Online at Fragrance Secrets,/collections/all,none,yes,/collections/all,yes,,gid://shopify/Collection/307817054321
/collections/givenchy-l-interdit-edp-80ml-for-women,givenchy-l-interdit-edp-80ml-for-women,Givenchy L’Interdit EDP 80ML For Women,/collections/all,none,yes,/collections/all,yes,,gid://shopify/Collection/309417443441
/collections/gourmand-perfumes-collection-buy-original-gourmand-perfumes-online-at-fragrance-secrets,gourmand-perfumes-collection-buy-original-gourmand-perfumes-online-at-fragrance-secrets,Gourmand Perfumes Collection – Buy Original Gourmand Perfumes Online at Fragrance Secrets,/collections/gourmand,renamed,yes,/collections/gourmand,yes,,gid://shopify/Collection/309914239089
/collections/hevora-perfumes-collection-buy-original-hevora-fragrances-online-at-fragrance-secrets,hevora-perfumes-collection-buy-original-hevora-fragrances-online-at-fragrance-secrets,Hevora Perfumes Collection | Buy Original Hevora Fragrances Online at Fragrance Secrets,/collections/hevora,renamed,yes,/collections/hevora,yes,,gid://shopify/Collection/298740383857
/collections/house-of-morais-perfumes,house-of-morais-perfumes,House of Morais Perfumes Collection | Buy Luxury Perfumes Online at Fragrance Secrets,/collections/house-of-morais,renamed,yes,/collections/house-of-morais,yes,,gid://shopify/Collection/293684674673
/collections/hugo-boss-perfumes,hugo-boss-perfumes,Hugo Boss Perfumes Collection | Buy Original Hugo Boss Fragrances Online at Fragrance Secrets,/collections/hugo-boss,renamed,yes,/collections/hugo-boss,yes,,gid://shopify/Collection/292313071729
/collections/ibrahim-al-qurashi-perfumes-collection-buy-original-ibrahim-al-qurashi-fragrances-online-at-fragrance-secrets,ibrahim-al-qurashi-perfumes-collection-buy-original-ibrahim-al-qurashi-fragrances-online-at-fragrance-secrets,Ibrahim Al Qurashi Perfumes Collection | Buy Original Ibrahim Al Qurashi Fragrances Online at Fragrance Secrets,/collections/ibrahim-al-qurashi,renamed,yes,/collections/ibrahim-al-qurashi,yes,,gid://shopify/Collection/297870753905
/collections/inspired-perfumes,inspired-perfumes,Inspired Perfumes,/collections/inspired,mapped,yes,/collections/inspired,yes,,gid://shopify/Collection/303459467377
/collections/jean-paul-gaultier-perfumes,jean-paul-gaultier-perfumes,Jean Paul Gaultier Perfumes Collection | Buy Original Jean Paul Gaultier Fragrances Online at Fragrance Secrets,/collections/jean-paul-gaultier,renamed,yes,/collections/jean-paul-gaultier,yes,,gid://shopify/Collection/293978636401
/collections/khadlaj-2,khadlaj-2,khadlaj,/collections/all,none,yes,/collections/all,yes,,gid://shopify/Collection/306911576177
/collections/khaleej-pride-collection,khaleej-pride-collection,Khaleej Pride Perfumes Collection | Buy Original Fragrances UAE,/collections/khaleej-pride,renamed,yes,/collections/khaleej-pride,yes,,gid://shopify/Collection/288926335089
/collections/kids-perfume,kids-perfume,Kids Perfumes – Safe & Gentle Perfume for Children by Fragrance Secrets,/collections/kids,mapped,yes,/collections/kids,yes,,gid://shopify/Collection/295118536817
/collections/lattafa-perfumes,lattafa-perfumes,Lattafa Perfumes Collection – Buy Original Lattafa Fragrances Online at Fragrance Secrets,/collections/lattafa,renamed,yes,/collections/lattafa,yes,,gid://shopify/Collection/294339018865
/collections/laverne-perfumes-collection-buy-original-laverne-perfume-online-fragrance-secrets,laverne-perfumes-collection-buy-original-laverne-perfume-online-fragrance-secrets,Laverne Perfumes Collection - Buy Original Laverne Perfume Online - Fragrance Secrets,/collections/all,none,yes,/collections/all,yes,,gid://shopify/Collection/307711213681
/collections/maison-asrar-perfumes-discover-luxury-fragrances-fragrance-secrets,maison-asrar-perfumes-discover-luxury-fragrances-fragrance-secrets,Maison Asrar Perfumes – Discover Luxury Fragrances - Fragrance Secrets,/collections/all,none,yes,/collections/all,yes,,gid://shopify/Collection/310538338417
/collections/mancera-perfumes,mancera-perfumes,Mancera Paris Perfumes by Fragrance Secrets – Beast Mode Long-Lasting Eau De Parfum,/collections/mancera,renamed,yes,/collections/mancera,yes,,gid://shopify/Collection/286139089009
/collections/marxelle,marxelle,Marxzelle – Modern Interpretations of Classic Scents,/collections/all,none,yes,/collections/all,yes,,gid://shopify/Collection/287147884657
/collections/men-s-perfumes-collection-buy-original-men-s-perfumes-online-at-fragrance-secrets,men-s-perfumes-collection-buy-original-men-s-perfumes-online-at-fragrance-secrets,Men’s Perfumes Collection – Buy Original Men’s Perfumes Online at Fragrance Secrets,/collections/mens,mapped,yes,/collections/mens,yes,,gid://shopify/Collection/309909815409
/collections/mens-collection,mens-collection,Perfume for Men Collection | Men’s Perfume Brands in UAE – Fragrance Secrets,/collections/mens,mapped,yes,/collections/mens,yes,,gid://shopify/Collection/292057841777
/collections/musk-perfumes-collection-buy-original-musk-perfumes-online-at-fragrance-secrets,musk-perfumes-collection-buy-original-musk-perfumes-online-at-fragrance-secrets,Musk Perfumes Collection – Buy Original Musk Perfumes Online at Fragrance Secrets,/collections/all,none,yes,/collections/all,yes,,gid://shopify/Collection/309914108017
/collections/new-arrivals-perfume-collection-shop-new-fragrances-online-at-fragrance-secrets,new-arrivals-perfume-collection-shop-new-fragrances-online-at-fragrance-secrets,New Arrivals Perfume Collection – Shop New Fragrances Online at Fragrance Secrets,/collections/new-arrivals,renamed,yes,/collections/new-arrivals,yes,,gid://shopify/Collection/309915517041
/collections/orchid-perfumes,orchid-perfumes,Orchid Perfumes Collection | Buy Original Orchid Fragrances Online at Fragrance Secrets,/collections/orchid,renamed,yes,/collections/orchid,yes,,gid://shopify/Collection/296882372721
/collections/oud-perfumes-collection-buy-original-oud-perfumes-online-at-fragrance-secrets,oud-perfumes-collection-buy-original-oud-perfumes-online-at-fragrance-secrets,Oud Perfumes Collection – Buy Original Oud Perfumes Online at Fragrance Secrets,/collections/oud-woody,mapped,yes,/collections/oud-woody,yes,,gid://shopify/Collection/309909553265
/collections/oud-perfumes-collection-buy-original-oud-perfumes-online-at-fragrance-secrets-1,oud-perfumes-collection-buy-original-oud-perfumes-online-at-fragrance-secrets-1,Oud Perfumes Collection – Buy Original Oud Perfumes Online at Fragrance Secrets,/collections/oud-woody,mapped,yes,/collections/oud-woody,yes,,gid://shopify/Collection/309910274161
/collections/oudiction-collection-buy-original-oudiction-fragrances-online-at-fragrance-secrets,oudiction-collection-buy-original-oudiction-fragrances-online-at-fragrance-secrets,Oudiction Collection – Buy Original Oudiction Fragrances Online at Fragrance Secrets,/collections/all,none,yes,/collections/all,yes,,gid://shopify/Collection/309912174705
/collections/panucci-perfumes-collection-buy-original-panucci-fragrance-online-fragrance-secrets,panucci-perfumes-collection-buy-original-panucci-fragrance-online-fragrance-secrets,Panucci Perfumes Collection - Buy Original Panucci Fragrance Online - Fragrance Secrets,/collections/all,none,yes,/collections/all,yes,,gid://shopify/Collection/308356120689
/collections/paris-collections,paris-collections,Paris Perfumes Collection | Buy Original Paris Fragrances Online at Fragrance Secrets,/collections/paris-collection,mapped,yes,/collections/paris-collection,yes,,gid://shopify/Collection/286255644785
/collections/parisbelle-perfumes,parisbelle-perfumes,Parisbelle Perfumes Collection | Buy Original Parisbelle Fragrances Online at Fragrance Secrets,/collections/parisbelle,renamed,yes,/collections/parisbelle,yes,,gid://shopify/Collection/297747972209
/collections/perfume-for-womens-collection,perfume-for-womens-collection,Best Perfumes for Women – Ladies Perfume & Perfume for Women Online in UAE,/collections/womens,mapped,yes,/collections/womens,yes,,gid://shopify/Collection/292057907313
/collections/perfume-oil-collection,perfume-oil-collection,Perfume Oils & Attar Oils by Fragrance Secrets – Concentrated Fragrance Oils in Bulk,/collections/perfume-oil,mapped,yes,/collections/perfume-oil,yes,,gid://shopify/Collection/292555456625
/collections/perfumes-below-30,perfumes-below-30,Perfumes Below 30 AED – Buy Affordable & Best Value Perfumes Online in UAE,/collections/crazy-deals,mapped,yes,/collections/crazy-deals,yes,,gid://shopify/Collection/291864412273
/collections/prada-perfumes,prada-perfumes,Prada Perfumes Collection | Buy Original Prada Fragrances Online at Fragrance Secrets,/collections/prada,renamed,yes,/collections/prada,yes,,gid://shopify/Collection/292373626993
/collections/premium-attar-perfume-collection-fragrance-perfume-perfume-and-attar,premium-attar-perfume-collection-fragrance-perfume-perfume-and-attar,Premium Attar Perfume Oil Collection – Best Attar Perfume & Fragrance Perfume in Dubai,/collections/attar,mapped,yes,/collections/attar,yes,,gid://shopify/Collection/297247211633
/collections/raees-roll-on,raees-roll-on,Raees Roll On,/collections/attar,mapped,yes,/collections/attar,yes,,gid://shopify/Collection/288968474737
/collections/ralph-lauren-perfumes,ralph-lauren-perfumes,Ralph Lauren Perfumes Collection | Buy Original Ralph Lauren Fragrances Online at Fragrance Secrets,/collections/ralph-lauren,renamed,yes,/collections/ralph-lauren,yes,,gid://shopify/Collection/293482889329
/collections/rayhaan-perfumes-collection-original-rayhaan-perfumes-online-at-fragrance-secrets,rayhaan-perfumes-collection-original-rayhaan-perfumes-online-at-fragrance-secrets,Rayhaan Perfumes Collection | Original Rayhaan Perfumes Online at Fragrance Secrets,/collections/rayhaan,renamed,yes,/collections/rayhaan,yes,,gid://shopify/Collection/301573570673
/collections/reef-perfumes,reef-perfumes,Reef Perfumes Collection | Buy Original Reef Fragrances Online at Fragrance Secrets,/collections/reef,renamed,yes,/collections/reef,yes,,gid://shopify/Collection/293372952689
/collections/remy-latour-timeless-french-fragrance-classic-elegance-buy-best-perfumes-online-fragrance-secrets,remy-latour-timeless-french-fragrance-classic-elegance-buy-best-perfumes-online-fragrance-secrets,Rémy Latour – Timeless French Fragrance & Classic Elegance - Buy Best Perfumes Online - Fragrance Secrets,/collections/all,none,yes,/collections/all,yes,,gid://shopify/Collection/310538109041
/collections/riiffs-perfumes-collection-original-riiffs-fragrances-online-uae,riiffs-perfumes-collection-original-riiffs-fragrances-online-uae,RiiFFS Perfumes Collection | Original RiiFFS Fragrances Online UAE,/collections/riiffs,renamed,yes,/collections/riiffs,yes,,gid://shopify/Collection/301926318193
/collections/roberto-cavalli-perfumes,roberto-cavalli-perfumes,Roberto Cavalli Perfumes Collection | Buy Original Roberto Cavalli Fragrances Online at Fragrance Secrets,/collections/roberto-cavalli,renamed,yes,/collections/roberto-cavalli,yes,,gid://shopify/Collection/293508022385
/collections/roja-dove-perfumes-collection-buy-original-roja-dove-fragrance-online-fragrance-secrets,roja-dove-perfumes-collection-buy-original-roja-dove-fragrance-online-fragrance-secrets,Roja Dove Perfumes Collection - Buy Original Roja Dove Fragrance Online - Fragrance Secrets,/collections/all,none,yes,/collections/all,yes,,gid://shopify/Collection/308352712817
/collections/secret-scents-perfumes,secret-scents-perfumes,Secret Scents Perfumes,/collections/secret-scents,renamed,yes,/collections/secret-scents,yes,,gid://shopify/Collection/304180723825
/collections/shazine-attar-roll-on-collection-premium-concentrated-perfume-oils,shazine-attar-roll-on-collection-premium-concentrated-perfume-oils,Shazine Attar Roll On Collection – Premium Concentrated Perfume Oils,/collections/attar,mapped,yes,/collections/attar,yes,,gid://shopify/Collection/297323266161
/collections/signature-collection-where-bold-scents-meet-timeless-elegance-discover-your-signature-scent,signature-collection-where-bold-scents-meet-timeless-elegance-discover-your-signature-scent,Signature Collection: Where Bold Scents Meet Timeless Elegance – Discover Your Signature Scent.,/collections/all,none,yes,/collections/all,yes,,gid://shopify/Collection/310381183089
/collections/stephane-humbert-lucas-perfumes,stephane-humbert-lucas-perfumes,Stephane Humbert Lucas Perfumes Collection | Buy Original Stephane Humbert Lucas Fragrances Online at Fragrance Secrets,/collections/all,none,yes,/collections/all,yes,,gid://shopify/Collection/297730277489
/collections/super-sale,super-sale,Exclusive Perfume Deals – Luxury Scents at Great Prices,/collections/crazy-deals,mapped,yes,/collections/crazy-deals,yes,,gid://shopify/Collection/286249615473
/collections/swiss-arabian-perfumes,swiss-arabian-perfumes,Swiss Arabian Perfumes Collection | Buy Original Swiss Arabian Fragrances Online at Fragrance Secrets,/collections/swiss-arabian,renamed,yes,/collections/swiss-arabian,yes,,gid://shopify/Collection/286145544305
/collections/tubbees-in-a-tub-collection-sweet-delights-and-playful-scents,tubbees-in-a-tub-collection-sweet-delights-and-playful-scents,Tubbees In A Tub Collection: Sweet Delights and Playful Scents,/collections/all,none,yes,/collections/all,yes,,gid://shopify/Collection/310552428657
/collections/unisex-collection,unisex-collection,Unisex Perfumes & Fragrances – Buy Unisex Perfume Online UAE,/collections/unisex,mapped,yes,/collections/unisex,yes,,gid://shopify/Collection/292059119729
/collections/unisex-perfumes-collection-buy-original-unisex-perfumes-online-at-fragrance-secrets,unisex-perfumes-collection-buy-original-unisex-perfumes-online-at-fragrance-secrets,Unisex Perfumes Collection – Buy Original Unisex Perfumes Online at Fragrance Secrets,/collections/unisex,renamed,yes,/collections/unisex,yes,,gid://shopify/Collection/309909586033
/collections/unisex-perfumes-collection-buy-original-unisex-perfumes-online-at-fragrance-secrets-1,unisex-perfumes-collection-buy-original-unisex-perfumes-online-at-fragrance-secrets-1,Unisex Perfumes Collection – Buy Original Unisex Perfumes Online at Fragrance Secrets,/collections/unisex,renamed,yes,/collections/unisex,yes,,gid://shopify/Collection/309910110321
/collections/unisex-perfumes-collection-buy-original-unisex-perfumes-online-at-fragrance-secrets-2,unisex-perfumes-collection-buy-original-unisex-perfumes-online-at-fragrance-secrets-2,Unisex Perfumes Collection – Buy Original Unisex Perfumes Online at Fragrance Secrets,/collections/unisex,renamed,yes,/collections/unisex,yes,,gid://shopify/Collection/309910306929
/collections/valentine-s-day-exclusive-perfume-bundles-romantic-gifts-online-at-fragrance-secrets,valentine-s-day-exclusive-perfume-bundles-romantic-gifts-online-at-fragrance-secrets,Valentine’s Day Exclusive Perfume Bundles | Romantic Gifts Online at Fragrance Secrets,/collections/gift-sets,mapped,yes,/collections/gift-sets,yes,,gid://shopify/Collection/299130945649
/collections/versace-perfumes-collection-buy-original-versace-fragrance-online-fragrance-secrets,versace-perfumes-collection-buy-original-versace-fragrance-online-fragrance-secrets,Versace Perfumes Collection - Buy Original Versace Fragrance Online - Fragrance Secrets,/collections/all,none,yes,/collections/all,yes,,gid://shopify/Collection/308558561393
/collections/women-s-perfumes-collection-buy-original-women-s-perfumes-online-at-fragrance-secrets,women-s-perfumes-collection-buy-original-women-s-perfumes-online-at-fragrance-secrets,Women’s Perfumes Collection – Buy Original Women’s Perfumes Online at Fragrance Secrets,/collections/womens,mapped,yes,/collections/womens,yes,,gid://shopify/Collection/309913026673
/collections/yves-saint-laurent-perfumes-collection-buy-original-ysl-fragrances-online-uae,yves-saint-laurent-perfumes-collection-buy-original-ysl-fragrances-online-uae,Yves Saint Laurent Perfumes Collection | Buy Original YSL Fragrances Online UAE,/collections/yves-saint-laurent,renamed,yes,/collections/yves-saint-laurent,yes,,gid://shopify/Collection/301934837873
