title,vendor,product_type,status,price,compare_at_price,sku,size,gender,fragrance_family,family_collection,badge,collections_extra,image_url,longevity,projection,best_for,made_in,notes_top,notes_heart,notes_base,concentration,product_form,dispenser,occasion,bottle_colour,ships_to,barcode,description,why_youll_love,best_for_details,faq
Khadlaj Titan Eau De Parfum 100ML for Men | Spicy Amber Woody Perfume,Khadlaj,Eau de Parfum,active,24.99,34.99,KHADLAJ-TITAN-100,100ML,Men,"Spicy, Amber, Woody",spicy-oriental,New,,,Long Lasting,Moderate to Strong,Evening & Formal,UAE,"Pink Pepper, Grapefruit, Mandarin","Incense, Suede, Lavender","Amber, Vanilla, Tonka Bean",Eau de Parfum,Eau de Parfum,Spray Bottle,"Evening Wear, Formal Occasions, Business Meetings, Special Occasions","Orange, Brown","United Arab Emirates, United States, Canada",,"Khadlaj Titan Eau De Parfum 100ML for Men is a spicy amber woody fragrance from the Khadlaj perfume collection. This Eau de Parfum opens with pink pepper, grapefruit, and mandarin, followed by a heart of incense, suede, and lavender. The fragrance settles into a base of amber, vanilla, and tonka bean, creating a warm, woody finish with balanced projection and long-lasting wear. Presented in a 100ML bottle, Khadlaj Titan is suitable for business meetings, evening wear, formal occasions, and everyday use by men who prefer warm, spicy fragrances.","Smooth fragrance journey from fresh citrus to a rich amber woody finish.
Balanced composition that feels refined, elegant, and easy to wear.
Comfortable all-day experience with a noticeable yet controlled presence.
Timeless masculine character suitable for both modern and classic styles.
Crafted to leave a lasting impression wherever you go.","Evening wear, business meetings, and formal occasions
Weddings, celebrations, and dinner dates
Autumn and winter seasons
Men who prefer spicy, amber, and woody fragrances for everyday confidence","What does Khadlaj Titan perfume smell like? :: Khadlaj Titan perfume features a spicy, amber, and woody fragrance. It opens with pink pepper, grapefruit, and mandarin before settling into warm amber, vanilla, and tonka bean.
Is it long lasting? :: Yes. As an Eau de Parfum, it offers long-lasting performance with balanced projection. Longevity may vary depending on skin type, weather conditions, and application.
When is the best time to wear Khadlaj Titan Perfume? :: Khadlaj Titan perfume is suitable for business meetings, evening wear, formal occasions, celebrations, and everyday use.
Who is this perfume suitable for? :: This fragrance is designed for men who prefer spicy, amber, and woody scents and want a versatile perfume for everyday wear and special occasions.
Is this an original Khadlaj perfume? :: Yes. The Fragrance Secrets offers 100% authentic Khadlaj perfume in UAE, sourced from trusted suppliers, with delivery across the UAE and international shipping to selected destinations."
,,,,,,,,,,,,,,,,,,,,,,,,,,,,,,,
,,,,,,,,,,,,,,,,,,,,,,,,,,,,,,,
